
INSERT INTO DEPARTMENT (DEPT_ID, DEPT_NAME, OFFICE) VALUES ('920', '컴퓨터공학과', '201호');
INSERT INTO DEPARTMENT (DEPT_ID, DEPT_NAME, OFFICE) VALUES ('923', '산업공학과', '207호');
INSERT INTO DEPARTMENT (DEPT_ID, DEPT_NAME, OFFICE) VALUES ('925', '전자공학과', '308호');

INSERT INTO STUDENT (STU_ID, RESIDENT_ID, NAME, YEAR, ADDRESS, DEPT_ID) VALUES ('1292001', '900424-1825409', '김광식', 3, '서울', '920');
INSERT INTO STUDENT (STU_ID, RESIDENT_ID, NAME, YEAR, ADDRESS, DEPT_ID) VALUES ('1292002', '900305-1730021', '김정현', 3, '서울', '920');
INSERT INTO STUDENT (STU_ID, RESIDENT_ID, NAME, YEAR, ADDRESS, DEPT_ID) VALUES ('1292003', '891021-2308302', '김현정', 4, '대전', '920');
INSERT INTO STUDENT (STU_ID, RESIDENT_ID, NAME, YEAR, ADDRESS, DEPT_ID) VALUES ('1292301', '890902-2704012', '김현정', 2, '대구', '923');
INSERT INTO STUDENT (STU_ID, RESIDENT_ID, NAME, YEAR, ADDRESS, DEPT_ID) VALUES ('1292303', '910715-1524390', '박광수', 3, '광주', '923');
INSERT INTO STUDENT (STU_ID, RESIDENT_ID, NAME, YEAR, ADDRESS, DEPT_ID) VALUES ('1292305', '921011-1809003', '김우주', 4, '부산', '923');
INSERT INTO STUDENT (STU_ID, RESIDENT_ID, NAME, YEAR, ADDRESS, DEPT_ID) VALUES ('1292501', '900825-1506390', '박철수', 3, '대전', '925');
INSERT INTO STUDENT (STU_ID, RESIDENT_ID, NAME, YEAR, ADDRESS, DEPT_ID) VALUES ('1292502', '911011-1809003', '백태성', 3, '서울', '925');

INSERT INTO PROFESSOR (PROF_ID, RESIDENT_ID, NAME, DEPT_ID, POSITION, YEAR_EMP) VALUES ('92001', '590327-1839240', '이태규', '920', '교수', 1997);
INSERT INTO PROFESSOR (PROF_ID, RESIDENT_ID, NAME, DEPT_ID, POSITION, YEAR_EMP) VALUES ('92002', '690702-1350026', '고희석', '920', '부교수', 2003);
INSERT INTO PROFESSOR (PROF_ID, RESIDENT_ID, NAME, DEPT_ID, POSITION, YEAR_EMP) VALUES ('92301', '741011-2765501', '최성희', '923', '부교수', 2005);
INSERT INTO PROFESSOR (PROF_ID, RESIDENT_ID, NAME, DEPT_ID, POSITION, YEAR_EMP) VALUES ('92302', '750728-1102458', '김태석', '923', '교수', 1999);
INSERT INTO PROFESSOR (PROF_ID, RESIDENT_ID, NAME, DEPT_ID, POSITION, YEAR_EMP) VALUES ('92501', '620505-1200546', '박철재', '925', '조교수', 2007);
INSERT INTO PROFESSOR (PROF_ID, RESIDENT_ID, NAME, DEPT_ID, POSITION, YEAR_EMP) VALUES ('92502', '740101-1830264', '장민석', '925', '부교수', 2005);

INSERT INTO COURSE (COURSE_ID, TITLE, CREDIT) VALUES ('C101', '전산개론', 3);
INSERT INTO COURSE (COURSE_ID, TITLE, CREDIT) VALUES ('C102', '자료구조', 3);
INSERT INTO COURSE (COURSE_ID, TITLE, CREDIT) VALUES ('C103', '데이터베이스', 4);
INSERT INTO COURSE (COURSE_ID, TITLE, CREDIT) VALUES ('C301', '운영체제', 3);
INSERT INTO COURSE (COURSE_ID, TITLE, CREDIT) VALUES ('C302', '컴퓨터구조', 3);
INSERT INTO COURSE (COURSE_ID, TITLE, CREDIT) VALUES ('C303', '이산수학', 4);
INSERT INTO COURSE (COURSE_ID, TITLE, CREDIT) VALUES ('C304', '객체지향언어', 4);
INSERT INTO COURSE (COURSE_ID, TITLE, CREDIT) VALUES ('C501', '인공지능', 3);
INSERT INTO COURSE (COURSE_ID, TITLE, CREDIT) VALUES ('C502', '알고리즘', 2);


INSERT INTO CLASS (CLASS_ID, COURSE_ID, YEAR, SEMESTER, DIVISION, PROF_ID, CLASSROOM, ENROLL) VALUES ('C101-01', 'C101', 2012, 1, 'A', '92301', '301호', 40);
INSERT INTO CLASS (CLASS_ID, COURSE_ID, YEAR, SEMESTER, DIVISION, PROF_ID, CLASSROOM, ENROLL) VALUES ('C102-01', 'C102', 2012, 1, 'A', '92001', '209호', 30);
INSERT INTO CLASS (CLASS_ID, COURSE_ID, YEAR, SEMESTER, DIVISION, PROF_ID, CLASSROOM, ENROLL) VALUES ('C103-01', 'C103', 2012, 1, 'A', '92501', '208호', 30);
INSERT INTO CLASS (CLASS_ID, COURSE_ID, YEAR, SEMESTER, DIVISION, PROF_ID, CLASSROOM, ENROLL) VALUES ('C103-02', 'C103', 2012, 1, 'B', '92301', '301호', 30);
INSERT INTO CLASS (CLASS_ID, COURSE_ID, YEAR, SEMESTER, DIVISION, PROF_ID, CLASSROOM, ENROLL) VALUES ('C501-01', 'C501', 2012, 1, 'A', '92501', '103호', 45);
INSERT INTO CLASS (CLASS_ID, COURSE_ID, YEAR, SEMESTER, DIVISION, PROF_ID, CLASSROOM, ENROLL) VALUES ('C501-02', 'C501', 2012, 1, 'B', '92502', '204호', 25);
INSERT INTO CLASS (CLASS_ID, COURSE_ID, YEAR, SEMESTER, DIVISION, PROF_ID, CLASSROOM, ENROLL) VALUES ('C301-01', 'C301', 2012, 2, 'A', '92502', '301호', 30);
INSERT INTO CLASS (CLASS_ID, COURSE_ID, YEAR, SEMESTER, DIVISION, PROF_ID, CLASSROOM, ENROLL) VALUES ('C302-01', 'C302', 2012, 2, 'A', '92501', '209호', 45);
INSERT INTO CLASS (CLASS_ID, COURSE_ID, YEAR, SEMESTER, DIVISION, PROF_ID, CLASSROOM, ENROLL) VALUES ('C502-01', 'C502', 2012, 2, 'A', '92001', '209호', 30);
INSERT INTO CLASS (CLASS_ID, COURSE_ID, YEAR, SEMESTER, DIVISION, PROF_ID, CLASSROOM, ENROLL) VALUES ('C502-02', 'C502', 2012, 2, 'B', '92301', '103호', 26);

INSERT INTO TAKES (STU_ID, CLASS_ID, GRADE) VALUES ('1292001', 'C101-01', 'B+');
INSERT INTO TAKES (STU_ID, CLASS_ID, GRADE) VALUES ('1292001', 'C103-01', 'A+');
INSERT INTO TAKES (STU_ID, CLASS_ID, GRADE) VALUES ('1292001', 'C301-01', 'A');
INSERT INTO TAKES (STU_ID, CLASS_ID, GRADE) VALUES ('1292002', 'C102-01', 'A');
INSERT INTO TAKES (STU_ID, CLASS_ID, GRADE) VALUES ('1292002', 'C103-01', 'B+');
INSERT INTO TAKES (STU_ID, CLASS_ID, GRADE) VALUES ('1292002', 'C502-01', 'C+');
INSERT INTO TAKES (STU_ID, CLASS_ID, GRADE) VALUES ('1292003', 'C103-02', 'B');
INSERT INTO TAKES (STU_ID, CLASS_ID, GRADE) VALUES ('1292003', 'C501-02', 'A+');
INSERT INTO TAKES (STU_ID, CLASS_ID, GRADE) VALUES ('1292301', 'C102-01', 'C+');
INSERT INTO TAKES (STU_ID, CLASS_ID, GRADE) VALUES ('1292303', 'C102-01', 'C');
INSERT INTO TAKES (STU_ID, CLASS_ID, GRADE) VALUES ('1292303', 'C103-02', 'B+');
INSERT INTO TAKES (STU_ID, CLASS_ID, GRADE) VALUES ('1292303', 'C501-01', 'A+');